Annual Distance (miles/vehicle),2020.0
LDVs,13916.444111348
HDVs,20932.953484943
aircraft,1235509.319913502
rail,47494.666666667
ships,254.539023651
motorbikes,2743.0599365
