Annual Distance (miles/vehicle),2020.0
LDVs,12559.115080412
HDVs,41971.421698677
aircraft,1200845.596626668
rail,23218.613341474
ships,0.0
motorbikes,0.0
