Annual Distance (miles/vehicle),2020.0
LDVs,12607.044953106
HDVs,41807.179878013
aircraft,555992.494701294
rail,23127.455894125
ships,0.0
motorbikes,0.0
