Annual Distance (miles/vehicle),2020.0
LDVs,14041.718690277
HDVs,11901.740808704
aircraft,694294.212759051
rail,47494.666666667
ships,239.944809822
motorbikes,2387.079809058
