Annual Distance (miles/vehicle),2020.0
LDVs,12607.044953106
HDVs,40975.156493094
aircraft,555992.494701294
rail,22667.186050674
ships,0.0
motorbikes,0.0
