Annual Distance (miles/vehicle),2020.0
LDVs,13968.937399246
HDVs,20851.087201449
aircraft,572041.723142817
rail,104436.5
ships,255.272593769
motorbikes,2754.04916886
