Annual Distance (miles/vehicle),2020.0
LDVs,12250.790419025
HDVs,43730.247779416
aircraft,542148.621466202
rail,23331.143456531
ships,0.0
motorbikes,0.0
