solar pv,Hour0,Hour1,Hour2,Hour3,Hour4,Hour5,Hour6,Hour7,Hour8,Hour9,Hour10,Hour11,Hour12,Hour13,Hour14,Hour15,Hour16,Hour17,Hour18,Hour19,Hour20,Hour21,Hour22,Hour23
Winter,0,0,0,0,0.0,0.0,0.027282579453628775,0.2391176092271304,0.36785706608290036,0.3822609213722313,0.37928125028508447,0.3803455478183386,0.3933372178433079,0.39662133594591936,0.3649114235563405,0.20684550157593826,0.026011214509143347,0.0,0.0,0,0,0,0,0
Spring,0,0,0,0,0.00132041675256566,0.11181549705019866,0.34630531253898483,0.5307473510399314,0.5932105750600336,0.6161852835457309,0.6211655805912201,0.6143471982650859,0.6161373177555418,0.600567893764614,0.5764293361056484,0.5120180674934297,0.32585061806803695,0.06804354595041064,0.0,0,0,0,0,0
Summer,0,0,0,0,0.0043764856615097275,0.1914906274930723,0.42384105535249655,0.5398901809406594,0.5998101362238336,0.6215963832917186,0.6351191784802451,0.6403990978755105,0.6442104589397931,0.6302881048700764,0.6010528361213777,0.5438733283981717,0.4184750035038008,0.1694196648152378,2.0576086097192026e-05,0,0,0,0,0
Fall,0,0,0,0,0.0,0.01868603570288876,0.23973269296658672,0.45703463591685317,0.5242176907243065,0.5461208912300961,0.5378322899294539,0.5326673550061717,0.5407450729966533,0.5368215514752545,0.5124211922902513,0.3775282156350732,0.11546987307211694,0.0009452213092951403,0.0,0,0,0,0,0
Summer Peak,0,0,0,0,0.0006244602873682697,0.22684560705798007,0.5174694247991727,0.6411125616980902,0.6959818056148488,0.6406546241540202,0.646607812226931,0.6711282861775916,0.6658411890778737,0.6280405263491811,0.5475267799644988,0.48578847288668925,0.4087717041112693,0.16910384581932741,0.0,0,0,0,0,0
Winter Peak,0,0,0,0,0.0,0.0,8.326137164910262e-05,0.08018070089808582,0.18438230751693774,0.24999226837643063,0.24874334780169408,0.2637720253843571,0.29249719860329754,0.2759698163309506,0.2569862235949552,0.08775748571815416,0.0,0.0,0.0,0,0,0,0,0
