solar pv,Hour0,Hour1,Hour2,Hour3,Hour4,Hour5,Hour6,Hour7,Hour8,Hour9,Hour10,Hour11,Hour12,Hour13,Hour14,Hour15,Hour16,Hour17,Hour18,Hour19,Hour20,Hour21,Hour22,Hour23
Winter,0,0,0,0,0.0,0.0,0.025915391787338565,0.2271349209082423,0.34942297173485476,0.36310501942047013,0.36027466594337093,0.361285629279864,0.373626259286684,0.3767458032964329,0.34662494157531676,0.19648003671720327,0.024707737624834313,0.0,0.0,0,0,0,0,0
Spring,0,0,0,0,0.0012542478809038338,0.1062121863835158,0.32895122206968713,0.504150480553718,0.5634835405208882,0.5853069378509946,0.5900376616951438,0.5835609629050619,0.5852613757278364,0.5704721684494749,0.5475432448857556,0.48635976095446876,0.30952155553079186,0.06463374018214854,0.0,0,0,0,0,0
Summer,0,0,0,0,0.004157170723628508,0.18189462779796725,0.40260148508641286,0.5128351439421296,0.5697523837391432,0.5904468759626379,0.6032920153295458,0.6083073468148417,0.6119277125281266,0.5987030370192731,0.5709328093207374,0.5166186874697355,0.3975043374268053,0.16092968766494284,1.9544974974417865e-05,0,0,0,0,0
Fall,0,0,0,0,0.0,0.017749638996401758,0.2277191815027042,0.4341316652371564,0.4979480353045335,0.5187536201822006,0.5108803781949361,0.5059742690669313,0.5136471955520082,0.509920289978951,0.4867426843164837,0.358609479561378,0.10968343390639881,0.0008978542735579416,0.0,0,0,0,0,0
Summer Peak,0,0,0,0,0.0005931672637584958,0.2154778946813362,0.4915379392345401,0.6089850574587223,0.6611046877009688,0.6085500681319661,0.6142049293797971,0.6374966306033806,0.6324744811035587,0.5965680894040445,0.5200890568634491,0.46144458671985916,0.3882872908563113,0.16062969502580063,0.0,0,0,0,0,0
Winter Peak,0,0,0,0,0.0,0.0,7.908896850113277e-05,0.07616267666659085,0.1751425207457585,0.23746462792465114,0.23627829339713413,0.25055385221158866,0.27783954634447944,0.2621403860970045,0.24410810127874627,0.08335977280019394,0.0,0.0,0.0,0,0,0,0,0
