Unit: dimensionless (ratio of electricity demand in this hour to annual demand),Hour0,Hour1,Hour2,Hour3,Hour4,Hour5,Hour6,Hour7,Hour8,Hour9,Hour10,Hour11,Hour12,Hour13,Hour14,Hour15,Hour16,Hour17,Hour18,Hour19,Hour20,Hour21,Hour22,Hour23
Winter,0,0,0,0,0.0,0.0,0.031645930925636764,0.2873927534041875,0.447409711378633,0.4662364210278883,0.4615771755738007,0.46231216105038747,0.4787341123927535,0.48312681542671965,0.44554685270068345,0.2502035796437147,0.030160429154283984,0.0,0.0,0,0,0,0,0
Spring,0,0,0,0,0.0015976120135167394,0.13528893891844185,0.41900523193296835,0.6421672116140589,0.7177433483932991,0.7455411404256066,0.7515669518789188,0.743317185662445,0.7454831051708318,0.7266451899723838,0.6974392217581838,0.6195060871317226,0.39425648078595066,0.08232793641964087,0.0,0,0,0,0,0
Summer,0,0,0,0,0.005153640124480146,0.23579778765228782,0.5214724967642608,0.6625660561649865,0.7339696771268827,0.7571881590560183,0.7719915290428124,0.7784597224381815,0.782809081531868,0.7664239771012593,0.7313312630442445,0.6623476027059758,0.5120565504282563,0.20882289173249474,2.3542603352028718e-05,0,0,0,0,0
Fall,0,0,0,0,0.0,0.022608797613277252,0.29005980844452633,0.5529799765984906,0.6342667788573886,0.6607681210999207,0.6507394926480122,0.6444902822631589,0.654263756644121,0.649516569738397,0.6199938399696787,0.4567827631451826,0.13971047857490257,0.0011436517419426224,0.0,0,0,0,0,0
Summer Peak,0,0,0,0,0.0007555533168790611,0.27446733491160025,0.6261018485871153,0.7757014053291694,0.8420893567722763,0.7751473328967915,0.7823502745177052,0.8120183347604896,0.8056213166775803,0.7598851558958344,0.6624691482395608,0.5877701103107843,0.4945852012290334,0.20460383821084974,0.0,0,0,0,0,0
Winter Peak,0,0,0,0,0.0,0.0,0.00010074044225054149,0.09701304588727144,0.2230897093638241,0.3024731778572508,0.30096207122349267,0.31914572104971545,0.35390117362615225,0.3339041958394197,0.31093537500629626,0.10618042613207072,0.0,0.0,0.0,0,0,0,0,0
