solar pv dist,Hour0,Hour1,Hour2,Hour3,Hour4,Hour5,Hour6,Hour7,Hour8,Hour9,Hour10,Hour11,Hour12,Hour13,Hour14,Hour15,Hour16,Hour17,Hour18,Hour19,Hour20,Hour21,Hour22,Hour23
Winter,0,0,0,0,0.0,0.0,0.056714069238839,0.22746240820608465,0.2992831332323115,0.3061429070987294,0.3085674321016434,0.3120235458678168,0.3257256090453433,0.45542021214593775,0.39902086490266947,0.19678867000815947,0.025585732602867468,0.0,0.0,0,0,0,0,0
Spring,0,0,0,0,0.000917939153747523,0.009215817694369976,0.2649857209464973,0.39478668842522424,0.42579991840540865,0.45386262967711866,0.4543434549481292,0.44976832964214936,0.456929712087656,0.5373805222053852,0.5026372537591794,0.4275046625480826,0.24103188017251423,0.128547907681548,0.0,0,0,0,0,0
Summer,0,0,0,0,0.0022495454685525873,0.014930202459092169,0.2861313981079165,0.34675356691627357,0.38988012696064844,0.4111044343779854,0.4249329758713136,0.4267433977381282,0.4300406767125821,0.4704631598409912,0.4566731379618502,0.4188237650611691,0.29664725278111603,0.1742473267387755,0.003774922190379341,0,0,0,0,0
Fall,0,0,0,0,0.0,0.0,0.19852327165648495,0.3300004395024832,0.4075506526611877,0.41757130927789743,0.41684613018063543,0.41240715510042636,0.41647255306992487,0.5229969674328658,0.4691249505559707,0.3032786885245902,0.08953764338768515,0.03230343251439371,0.0,0,0,0,0,0
Summer Peak,0,0,0,0,0.0026809651474530836,0.019436997319034855,0.36662198391420914,0.44436997319034854,0.46849865951742636,0.34517426273458446,0.24463806970509386,0.33847184986595175,0.34249329758713143,0.40348525469168905,0.5080428954423593,0.39678284182305634,0.37064343163538876,0.25335120643431636,0.0,0,0,0,0,0
Winter Peak,0,0,0,0,0.0,0.0,0.00871313672922252,0.14410187667560323,0.34115281501340483,0.3391420911528151,0.33310991957104563,0.32305630026809656,0.3029490616621984,0.4584450402144773,0.3297587131367293,0.1447721179624665,0.0,0.0,0.0,0,0,0,0,0
