Unit: dimensionless (ratio of electricity demand in this hour to annual demand),Hour0,Hour1,Hour2,Hour3,Hour4,Hour5,Hour6,Hour7,Hour8,Hour9,Hour10,Hour11,Hour12,Hour13,Hour14,Hour15,Hour16,Hour17,Hour18,Hour19,Hour20,Hour21,Hour22,Hour23
Winter,0,0,0,0,0.0,0.0,0.05542895442359247,0.22744079535299377,0.3049374441465594,0.3112544682752457,0.312215147453083,0.31535411081322606,0.3287533512064343,0.4613717605004468,0.40375893655049166,0.1979166666666667,0.02451966041108132,0.0,0.0,0,0,0,0,0
Spring,0,0,0,0,0.000917939153747523,0.009215817694369976,0.2649857209464973,0.39478668842522424,0.42579991840540865,0.45386262967711866,0.4543434549481292,0.44976832964214936,0.456929712087656,0.5373805222053852,0.5026372537591794,0.4275046625480826,0.24103188017251423,0.128547907681548,0.0,0,0,0,0,0
Summer,0,0,0,0,0.002294847884368808,0.015233418813381515,0.29237819093134393,0.3535085674321016,0.3954496444807088,0.4133713136729223,0.42530452267164004,0.42793449119944044,0.431271127170999,0.4714856043827953,0.46191281035085674,0.42169104790768147,0.30201655204569283,0.17919483622799867,0.003649900920853246,0,0,0,0,0
Fall,0,0,0,0,0.0,0.0,0.19852327165648495,0.3300004395024832,0.4075506526611877,0.41757130927789743,0.41684613018063543,0.41240715510042636,0.41647255306992487,0.5229969674328658,0.4691249505559707,0.3032786885245902,0.08953764338768515,0.03230343251439371,0.0,0,0,0,0,0
Summer Peak,0,0,0,0,0.0026809651474530836,0.019436997319034855,0.36662198391420914,0.44436997319034854,0.46849865951742636,0.34517426273458446,0.24463806970509386,0.33847184986595175,0.34249329758713143,0.40348525469168905,0.5080428954423593,0.39678284182305634,0.37064343163538876,0.25335120643431636,0.0,0,0,0,0,0
Winter Peak,0,0,0,0,0.0,0.0,0.00871313672922252,0.14410187667560323,0.34115281501340483,0.3391420911528151,0.33310991957104563,0.32305630026809656,0.3029490616621984,0.4584450402144773,0.3297587131367293,0.1447721179624665,0.0,0.0,0.0,0,0,0,0,0
