Unit: dimensionless (ratio of electricity demand in this hour to annual demand),Hour0,Hour1,Hour2,Hour3,Hour4,Hour5,Hour6,Hour7,Hour8,Hour9,Hour10,Hour11,Hour12,Hour13,Hour14,Hour15,Hour16,Hour17,Hour18,Hour19,Hour20,Hour21,Hour22,Hour23
Winter,0,0,0,0,0.010763256750962737,0.04444172892223564,0.023176618134359048,0,0,0,0.0,0.0,0.0,0.0,0.0,0.0,0.043487609015957225,0.04825820854734934,0.04444172892223565,0.023176618134359048,0.0,0,0,0
Spring,0,0,0,0,0.0,0.0,0.0,0,0,0,0.0,0.0,0.0,0.0,0.0,0.0,0.0,0.026488334801312043,0.003733512676741648,0.0,0.0,0,0,0
Summer,0,0,0,0,0.0,0.0,0.0,0,0,0,0.08804441195905134,0.35458141627191575,0.6926688895541163,0.9005224052299309,0.95,0.95,0.95,0.95,0.95,0.9153072859098585,0.24939097520495154,0,0,0
Fall,0,0,0,0,0.0,0.0,0.0,0,0,0,0.0,0.0,0.0,0.0,0.0286878765442663,0.14053395583403405,0.14053395583403405,0.1367800414486763,0.1367800414486763,0.032441790929624015,0.0,0,0,0
Summer Peak,0,0,0,0,0.0,0.0,0.0,0,0,0,0.0,0.95,0.95,0.95,0.95,0.95,0.95,0.95,0.95,0.0,0.0,0,0,0
Winter Peak,0,0,0,0,0.0,0.0,0.0,0,0,0,0.0,0.0,0.0,0.0,0.0,0.0,0.0,0.0,0.0,0.0,0.0,0,0,0
