solar pv,Hour0,Hour1,Hour2,Hour3,Hour4,Hour5,Hour6,Hour7,Hour8,Hour9,Hour10,Hour11,Hour12,Hour13,Hour14,Hour15,Hour16,Hour17,Hour18,Hour19,Hour20,Hour21,Hour22,Hour23
Winter,0,0,0,0,0.0,0.0,0.027196218399562874,0.23836069953632671,0.3666926408486037,0.38105090176415063,0.3780806626127302,0.37914159118825924,0.3920921370109023,0.39536585947253333,0.3637563225427953,0.20619074693386896,0.02592887786988378,0.0,0.0,0,0,0,0,0
Spring,0,0,0,0,0.0013162370677689324,0.11146155309110306,0.34520910783919384,0.529067308258185,0.5913328094098942,0.6142347930989844,0.6191993253703568,0.6124025261458391,0.6141869791410737,0.5986668390482957,0.574604690267259,0.5103973109192694,0.32481916124071564,0.06782815897204056,0.0,0,0,0,0,0
Summer,0,0,0,0,0.004362632209145567,0.19088447760676297,0.42249941680402797,0.5381811971847388,0.5979114801348174,0.6196287643957171,0.6331087541431971,0.6383719603312259,0.6421712568046402,0.6282929729510327,0.5991502463547111,0.542151736273841,0.4171503508086902,0.1688833789828148,2.051095396821117e-05,0,0,0,0,0
Fall,0,0,0,0,0.0,0.018626886393258515,0.23897383627219532,0.45558792546304544,0.5225583171153011,0.544392184606362,0.536129820280353,0.5309812345891849,0.5390333831410695,0.5351222812464445,0.5107991596533774,0.3763331770685301,0.11510436144707749,0.000942229278840871,0.0,0,0,0,0,0
Summer Peak,0,0,0,0,0.0006224836029887343,0.2261275435123742,0.5158314123433312,0.6390831657351006,0.6937787249843774,0.6386266777595756,0.6445610214414015,0.6690038775854257,0.6637335164134546,0.6260525089792031,0.5457936231005223,0.4842507442183694,0.4074777665164255,0.16856855968934925,0.0,0,0,0,0,0
Winter Peak,0,0,0,0,0.0,0.0,8.299781373183124e-05,0.07992689462375349,0.1837986585091403,0.24920093572982333,0.24795596852384583,0.2629370739024414,0.29157131963992317,0.27509625361415463,0.2561727520832971,0.08747969567335014,0.0,0.0,0.0,0,0,0,0,0
